Date,Open,High,Low,Close,Volume
2025-07-07 08:00:00,56938.7,57152.2,56854.05,56909.95,0
2025-07-07 12:00:00,56911.15,57029.5,56838.55,56918.5,0
2025-07-08 08:00:00,56942.55,57258.1,56923.05,57103.45,0
2025-07-08 12:00:00,57108.7,57303.3,57074.3,57240.85,0
2025-07-09 08:00:00,57199.75,57233.45,57037.9,57197.45,0
2025-07-09 12:00:00,57201.9,57290.65,57154.5,57171.6,0
2025-07-10 08:00:00,57339.75,57363.7,57023.85,57058.9,0
2025-07-10 12:00:00,57058.5,57203.35,56886.6,56956.95,0
2025-07-11 08:00:00,56843.45,57091.05,56607.75,56661.25,0
2025-07-11 12:00:00,56660.15,56837.95,56639.45,56712.85,0
2025-07-14 08:00:00,56780.75,56896.3,56597.45,56659.45,0
2025-07-14 12:00:00,56659.9,56830.65,56594.25,56763.6,0
2025-07-15 08:00:00,56709.2,57134.95,56707.8,57054.95,0
2025-07-15 12:00:00,57056.45,57117.1,56908.2,57049.6,0
2025-07-16 08:00:00,57111.25,57175.15,56937.6,57109.95,0
2025-07-16 12:00:00,57113.5,57276.55,57084.15,57108.4,0
2025-07-17 08:00:00,57231.95,57262.85,56914.9,56955.8,0
2025-07-17 12:00:00,56955.5,56960.7,56780.15,56805.1,0
2025-07-18 08:00:00,56524.25,56705.15,56204.85,56275.85,0
2025-07-18 12:00:00,56274.05,56431.95,56237.9,56253.7,0
2025-07-21 08:00:00,56558.9,56827.3,56255.7,56777.9,0
2025-07-21 12:00:00,56776.45,56983.45,56690.7,56916.75,0
2025-07-22 08:00:00,57253.35,57286.15,56807.25,56882.6,0
2025-07-22 12:00:00,56884.7,56969.7,56692.0,56721.75,0
2025-07-23 08:00:00,56918.15,56957.65,56715.8,56939.7,0
2025-07-23 12:00:00,56938.2,57249.0,56934.15,57191.65,0
2025-07-24 08:00:00,57316.6,57316.6,56850.9,56905.95,0
2025-07-24 12:00:00,56905.45,57151.05,56854.15,57033.7,0
2025-07-25 08:00:00,57170.7,57170.7,56526.35,56547.7,0
2025-07-25 12:00:00,56547.35,56610.9,56439.4,56520.45,0
2025-07-28 08:00:00,56215.1,56578.4,56186.85,56361.05,0
2025-07-28 12:00:00,56361.3,56414.15,55997.45,56053.3,0
2025-07-29 08:00:00,55881.8,56148.95,55843.25,56037.2,0
2025-07-29 12:00:00,56040.8,56296.4,55980.95,56230.15,0
2025-07-30 08:00:00,56310.1,56321.15,56064.55,56233.15,0
2025-07-30 12:00:00,56233.5,56292.75,56098.5,56114.6,0
2025-07-31 08:00:00,55728.15,56121.75,55547.35,56091.55,0
2025-07-31 12:00:00,56089.95,56406.2,55906.45,55992.65,0
2025-08-01 08:00:00,55897.15,56097.6,55755.7,55807.2,0
2025-08-01 12:00:00,55808.7,55923.05,55562.1,55636.15,0
2025-08-04 08:00:00,55557.5,55752.45,55437.3,55635.65,0
2025-08-04 12:00:00,55637.7,55721.2,55511.9,55643.95,0
2025-08-05 08:00:00,55545.05,55648.15,55370.2,55492.55,0
2025-08-05 12:00:00,55496.05,55518.95,55202.85,55392.5,0
2025-08-06 08:00:00,55329.8,55507.2,55227.7,55338.65,0
2025-08-06 12:00:00,55337.8,55559.4,55310.4,55422.25,0
2025-08-07 08:00:00,55215.65,55364.7,55076.4,55172.4,0
2025-08-07 12:00:00,55175.0,55614.8,54973.55,55591.35,0
2025-08-08 08:00:00,55609.35,55652.6,55078.6,55114.1,0
2025-08-08 12:00:00,55114.8,55272.25,54905.6,54905.6,0
2025-08-11 08:00:00,54999.35,55319.7,54927.55,55167.85,0
2025-08-11 12:00:00,55169.45,55582.15,55143.15,55423.55,0
2025-08-12 08:00:00,55441.1,55566.7,55188.85,55265.2,0
2025-08-12 12:00:00,55265.6,55408.75,55001.5,55039.35,0
2025-08-13 08:00:00,55340.05,55340.05,55026.95,55099.6,0
2025-08-13 12:00:00,55100.6,55271.9,55073.6,55189.05,0
2025-08-14 08:00:00,55102.55,55472.8,55074.3,55328.65,0
2025-08-14 12:00:00,55331.2,55442.8,55254.9,55318.05,0
2025-08-18 08:00:00,55940.6,56156.3,55711.3,55711.3,0
2025-08-18 12:00:00,55715.75,55845.6,55647.65,55745.55,0
2025-08-19 08:00:00,55622.3,55915.35,55608.15,55905.5,0
2025-08-19 12:00:00,55905.7,55965.55,55724.6,55849.8,0
2025-08-20 08:00:00,55751.5,55812.6,55577.35,55654.75,0
2025-08-20 12:00:00,55654.75,55785.6,55642.9,55702.1,0
2025-08-21 08:00:00,55972.05,55993.65,55720.45,55786.35,0
2025-08-21 12:00:00,55787.35,55894.65,55708.2,55733.9,0
2025-08-22 08:00:00,55669.25,55745.0,55218.35,55314.8,0
2025-08-22 12:00:00,55315.3,55360.2,55102.6,55152.45,0
2025-08-25 08:00:00,55147.75,55306.0,55048.4,55183.2,0
2025-08-25 12:00:00,55183.75,55260.2,55112.1,55161.75,0
2025-08-26 08:00:00,54999.05,55068.9,54478.4,54609.9,0
2025-08-26 12:00:00,54610.05,54643.5,54396.1,54416.45,0
2025-08-28 08:00:00,54256.0,54382.25,53916.1,54188.1,0
2025-08-28 12:00:00,54190.6,54204.9,53768.45,53894.25,0
2025-08-29 08:00:00,53660.35,54086.0,53660.35,53991.65,0
2025-08-29 12:00:00,53990.05,53991.7,53606.45,53692.85,0
2025-09-01 08:00:00,53658.15,53988.25,53658.15,53788.95,0
2025-09-01 12:00:00,53789.05,54035.85,53761.4,53993.4,0
2025-09-02 08:00:00,54038.25,54160.95,53912.2,54016.95,0
2025-09-02 12:00:00,54018.2,54093.8,53578.0,53627.25,0
2025-09-03 08:00:00,53630.75,53866.75,53561.75,53750.95,0
2025-09-03 12:00:00,53749.5,54136.15,53633.95,54071.75,0
2025-09-04 08:00:00,54379.6,54450.55,54132.25,54181.15,0
2025-09-04 12:00:00,54187.15,54273.95,53971.85,54101.1,0
2025-09-05 08:00:00,54308.05,54308.05,53746.2,53800.2,0
2025-09-05 12:00:00,53802.7,54172.45,53719.55,54098.2,0
2025-09-08 08:00:00,54215.4,54329.2,54067.15,54303.8,0
2025-09-08 12:00:00,54302.0,54518.7,54137.1,54222.3,0
2025-09-09 08:00:00,54330.55,54350.65,54079.45,54127.25,0
2025-09-09 12:00:00,54127.45,54291.95,54092.3,54228.2,0
2025-09-10 08:00:00,54554.75,54705.2,54400.0,54596.55,0
2025-09-10 12:00:00,54596.4,54629.35,54432.7,54532.65,0
2025-09-11 08:00:00,54413.05,54649.85,54402.4,54642.5,0
2025-09-11 12:00:00,54645.45,54757.45,54612.8,54644.6,0
2025-09-12 08:00:00,54781.55,54852.25,54580.35,54799.3,0
2025-09-12 12:00:00,54797.35,54839.9,54749.85,54784.55,0
2025-09-15 08:00:00,54884.05,55018.7,54808.1,54987.6,0
2025-09-15 12:00:00,54988.7,55006.25,54807.5,54852.7,0
2025-09-16 08:00:00,54778.4,55159.1,54777.75,55109.35,0
2025-09-16 12:00:00,55102.25,55185.45,55026.35,55166.8,0
2025-09-17 08:00:00,55158.35,55397.05,55146.55,55368.25,0
2025-09-17 12:00:00,55368.15,55540.75,55354.9,55480.85,0
2025-09-18 08:00:00,55797.1,55835.25,55611.55,55752.0,0
2025-09-18 12:00:00,55754.45,55777.7,55490.9,55716.5,0
2025-09-19 08:00:00,55647.95,55688.75,55380.65,55444.25,0
2025-09-19 12:00:00,55448.0,55536.1,55355.3,55494.1,0
2025-09-22 08:00:00,55429.3,55666.35,55315.55,55541.15,0
2025-09-22 12:00:00,55540.95,55619.5,55215.6,55296.0,0
2025-09-23 08:00:00,55248.7,55367.6,55159.0,55317.9,0
2025-09-23 12:00:00,55317.05,55662.0,55303.05,55555.65,0
2025-09-24 08:00:00,55387.1,55511.1,55051.85,55156.7,0
2025-09-24 12:00:00,55156.15,55283.75,55040.45,55131.4,0
2025-09-25 08:00:00,55061.65,55252.8,54993.55,55069.55,0
2025-09-25 12:00:00,55066.25,55276.65,54903.3,54950.95,0
2025-09-26 08:00:00,54797.9,54897.0,54499.95,54560.55,0
2025-09-26 12:00:00,54560.4,54630.05,54310.95,54417.35,0
2025-09-29 08:00:00,54460.4,54686.05,54253.75,54279.5,0
2025-09-29 12:00:00,54279.5,54672.05,54226.6,54541.35,0
2025-09-30 08:00:00,54705.5,54793.05,54502.95,54670.3,0
2025-09-30 12:00:00,54670.65,54771.15,54538.5,54679.75,0
2025-10-01 08:00:00,54653.9,55394.35,54582.55,55290.4,0
2025-10-01 12:00:00,55289.9,55406.75,55179.75,55386.65,0
2025-10-03 08:00:00,55182.6,55579.85,55177.0,55531.65,0
2025-10-03 12:00:00,55529.65,55616.45,55452.85,55596.95,0
2025-10-06 08:00:00,55834.7,56066.85,55727.25,56065.8,0
2025-10-06 12:00:00,56065.35,56164.2,55980.9,56087.6,0
2025-10-07 08:00:00,56126.4,56431.35,56025.05,56391.75,0
2025-10-07 12:00:00,56392.35,56502.45,56159.85,56215.6,0
2025-10-08 08:00:00,56098.5,56303.6,55821.0,55947.75,0
2025-10-08 12:00:00,55944.8,56225.8,55858.2,55938.35,0
2025-10-09 08:00:00,55979.0,56286.25,55843.9,56167.35,0
2025-10-09 12:00:00,56165.5,56276.5,56035.85,56124.35,0
2025-10-10 08:00:00,56168.6,56661.35,56152.45,56617.15,0
2025-10-10 12:00:00,56617.9,56760.25,56560.25,56620.95,0
2025-10-13 08:00:00,56337.05,56683.3,56327.4,56600.25,0
2025-10-13 12:00:00,56593.35,56770.9,56537.15,56633.1,0
2025-10-14 08:00:00,56598.65,56721.3,56268.95,56294.05,0
2025-10-14 12:00:00,56293.2,56552.15,56230.15,56478.55,0
2025-10-15 08:00:00,56528.95,56845.75,56491.85,56726.5,0
2025-10-15 12:00:00,56727.2,56922.7,56695.35,56818.5,0
2025-10-16 08:00:00,57139.95,57225.35,56994.7,57134.25,0
2025-10-16 12:00:00,57131.8,57525.8,57129.95,57373.25,0
2025-10-17 08:00:00,57362.9,57828.3,57238.65,57763.4,0
2025-10-17 12:00:00,57765.85,57830.2,57396.8,57724.0,0
2025-10-20 08:00:00,57872.85,58242.5,57872.85,58192.6,0
2025-10-20 12:00:00,58193.75,58261.55,57948.85,58051.0,0
2025-10-21 12:00:00,58063.4,58155.55,57887.2,57908.5,0
2025-10-23 08:00:00,58314.55,58560.6,58157.6,58532.5,0
2025-10-23 12:00:00,58526.75,58577.5,57951.45,57981.1,0
2025-10-24 08:00:00,58172.75,58232.9,57735.0,57861.6,0
2025-10-24 12:00:00,57861.6,57915.15,57482.05,57741.5,0
2025-10-27 08:00:00,57796.45,58195.95,57652.75,58161.3,0
2025-10-27 12:00:00,58163.1,58224.55,57951.2,58198.6,0
2025-10-28 08:00:00,58006.55,58313.8,57770.35,57914.55,0
2025-10-28 12:00:00,57915.7,58305.0,57870.2,58271.55,0
2025-10-29 08:00:00,58316.25,58372.55,58087.05,58307.4,0
2025-10-29 12:00:00,58310.1,58469.9,58269.05,58399.05,0
2025-10-30 08:00:00,58152.05,58331.2,58075.55,58159.85,0
2025-10-30 12:00:00,58159.9,58282.55,57999.2,58067.1,0
2025-10-31 08:00:00,57942.45,58254.95,57656.95,57955.65,0
2025-10-31 12:00:00,57954.4,58002.5,57743.15,57778.75,0
2025-11-03 08:00:00,57726.85,58125.95,57718.4,58042.3,0
2025-11-03 12:00:00,58040.4,58247.55,57984.45,58116.25,0
2025-11-04 08:00:00,57966.65,58119.65,57803.1,57897.25,0
2025-11-04 12:00:00,57900.2,57983.7,57732.95,57778.95,0
2025-11-06 08:00:00,57714.8,57945.05,57521.95,57596.05,0
2025-11-06 12:00:00,57597.3,57762.55,57521.0,57573.95,0
2025-11-07 08:00:00,57391.4,57816.15,57157.85,57692.7,0
2025-11-07 12:00:00,57695.95,58001.35,57679.3,57907.7,0
2025-11-10 08:00:00,57846.2,58077.8,57846.2,57986.05,0
2025-11-10 12:00:00,57991.45,58097.2,57877.45,57893.0,0
2025-11-11 08:00:00,57962.3,58082.45,57594.25,57850.95,0
2025-11-11 12:00:00,57851.25,58187.35,57832.3,58148.05,0
2025-11-12 08:00:00,58505.35,58507.7,58223.0,58322.3,0
2025-11-12 12:00:00,58322.2,58471.6,58171.85,58211.45,0
2025-11-13 08:00:00,58158.75,58615.45,58127.1,58595.45,0
2025-11-13 12:00:00,58598.4,58615.95,58336.0,58387.5,0
2025-11-14 08:00:00,58050.0,58467.9,58050.0,58341.5,0
2025-11-14 12:00:00,58342.25,58590.15,58152.95,58535.9,0
2025-11-17 08:00:00,58696.3,58979.85,58605.3,58921.95,0
2025-11-17 12:00:00,58928.75,59001.55,58899.55,58969.2,0
2025-11-18 08:00:00,58990.5,59049.1,58850.7,58985.6,0
2025-11-18 12:00:00,58985.8,59103.65,58798.9,58835.85,0
2025-11-19 08:00:00,58908.15,58952.75,58688.55,58925.9,0
2025-11-19 12:00:00,58926.7,59264.25,58913.5,59207.95,0
2025-11-20 08:00:00,59308.2,59326.65,59125.25,59231.1,0
2025-11-20 12:00:00,59230.75,59440.1,59186.6,59343.9,0
2025-11-21 08:00:00,59116.7,59232.15,58833.15,59027.5,0
2025-11-21 12:00:00,59032.0,59149.95,58823.65,58851.85,0
2025-11-24 08:00:00,58996.9,59309.9,58891.8,59206.45,0
2025-11-24 12:00:00,59204.35,59279.25,58649.5,58731.05,0
2025-11-25 08:00:00,58925.65,59063.5,58746.2,58958.3,0
2025-11-25 12:00:00,58962.95,59166.15,58747.25,58810.8,0
2025-11-26 08:00:00,58783.05,59515.3,58783.05,59465.5,0
2025-11-26 12:00:00,59465.95,59554.95,59426.0,59527.15,0
2025-11-27 08:00:00,59605.3,59866.6,59549.45,59758.2,0
2025-11-27 12:00:00,59758.2,59850.15,59523.0,59764.15,0
2025-11-28 08:00:00,59758.7,59897.5,59598.95,59794.6,0
2025-11-28 12:00:00,59794.05,59836.85,59712.15,59730.3,0
2025-12-01 08:00:00,60102.05,60114.3,59674.9,59702.45,0
2025-12-01 12:00:00,59700.55,59815.95,59527.6,59697.15,0
2025-12-02 08:00:00,59354.2,59656.55,59304.25,59504.25,0
2025-12-02 12:00:00,59505.85,59586.8,59251.95,59347.1,0
2025-12-03 08:00:00,59158.7,59356.75,58925.7,59158.5,0
2025-12-03 12:00:00,59156.55,59414.9,59007.55,59333.15,0
2025-12-04 08:00:00,59287.1,59548.7,59180.35,59250.25,0
2025-12-04 12:00:00,59252.55,59335.55,59062.15,59272.7,0
2025-12-05 08:00:00,59133.2,59679.35,59106.55,59520.15,0
2025-12-05 12:00:00,59518.35,59806.6,59505.0,59735.8,0
2025-12-08 08:00:00,59672.05,59713.15,59346.4,59363.25,0
2025-12-08 12:00:00,59371.5,59406.0,59030.6,59147.3,0
2025-12-09 08:00:00,58918.85,59284.85,58878.45,59249.7,0
2025-12-09 12:00:00,59249.7,59358.25,59158.9,59212.1,0
2025-12-10 08:00:00,59281.55,59440.9,58973.75,59046.5,0
2025-12-10 12:00:00,59048.85,59091.9,58853.9,58938.3,0
2025-12-11 08:00:00,58966.2,59417.4,58799.9,59345.5,0
2025-12-11 12:00:00,59352.1,59423.35,59135.65,59204.6,0
2025-12-12 08:00:00,59401.5,59545.7,59224.85,59382.25,0
2025-12-12 12:00:00,59382.25,59439.95,59310.6,59396.8,0
2025-12-15 08:00:00,59053.7,59516.85,59052.3,59459.75,0
2025-12-15 12:00:00,59462.6,59533.0,59405.9,59444.7,0
2025-12-16 08:00:00,59288.75,59335.25,58983.05,59072.85,0
2025-12-16 12:00:00,59072.1,59169.0,58966.35,59010.6,0
2025-12-17 08:00:00,59072.8,59127.2,58864.4,58899.55,0
2025-12-17 12:00:00,58901.0,58988.85,58801.4,58961.5,0
2025-12-18 08:00:00,58712.7,59176.2,58712.7,59166.65,0
2025-12-18 12:00:00,59166.3,59211.0,58877.55,58905.25,0
2025-12-19 08:00:00,59047.4,59134.75,58897.5,59007.5,0
2025-12-19 12:00:00,59010.15,59140.55,58924.5,59046.8,0
2025-12-22 08:00:00,59224.75,59371.2,59155.5,59281.2,0
2025-12-22 12:00:00,59280.2,59339.45,59183.6,59284.1,0
2025-12-23 08:00:00,59334.35,59402.35,59216.75,59275.0,0
2025-12-23 12:00:00,59278.2,59370.15,59230.4,59276.55,0
2025-12-24 08:00:00,59322.95,59478.15,59251.65,59343.35,0
2025-12-24 12:00:00,59336.8,59364.5,59118.25,59135.4,0
2025-12-26 08:00:00,59092.85,59180.65,58994.05,59045.85,0
2025-12-26 12:00:00,59043.8,59073.3,58947.05,58994.45,0
2025-12-29 08:00:00,59007.05,59140.4,58810.35,58841.95,0
2025-12-29 12:00:00,58838.1,58997.1,58809.55,58953.95,0
2025-12-30 08:00:00,58885.95,59076.1,58737.6,58872.05,0
2025-12-30 12:00:00,58875.45,59272.7,58864.8,59253.95,0
2025-12-31 08:00:00,59194.6,59527.1,59187.1,59514.6,0
2025-12-31 12:00:00,59514.1,59766.2,59511.1,59619.35,0
2026-01-01 08:00:00,59674.8,59743.2,59569.65,59628.0,0
2026-01-01 12:00:00,59629.4,59735.8,59600.9,59707.55,0
2026-01-02 08:00:00,59757.4,60147.2,59738.25,60145.4,0
2026-01-02 12:00:00,60143.9,60203.75,59978.15,60174.75,0
2026-01-05 08:00:00,60360.4,60437.35,60122.35,60250.55,0
2026-01-05 12:00:00,60253.25,60272.2,59859.8,60055.5,0
2026-01-06 08:00:00,59957.8,60305.0,59834.3,60230.0,0
2026-01-06 12:00:00,60228.3,60251.8,60006.15,60095.8,0
2026-01-07 08:00:00,60039.7,60065.4,59861.35,59906.8,0
2026-01-07 12:00:00,59908.1,60026.0,59760.65,59976.85,0
2026-01-08 08:00:00,59893.15,60112.85,59564.8,59701.15,0
2026-01-08 12:00:00,59697.45,59827.6,59608.3,59676.7,0
2026-01-09 08:00:00,59558.15,59739.65,59343.55,59352.5,0
2026-01-09 12:00:00,59353.05,59388.4,59154.2,59269.35,0
2026-01-12 08:00:00,59217.25,59322.15,58864.2,59072.0,0
2026-01-12 12:00:00,59074.55,59541.1,59046.75,59534.05,0
2026-01-13 08:00:00,59767.55,59767.55,59463.75,59541.85,0
2026-01-13 12:00:00,59538.9,59652.8,59312.05,59542.35,0
2026-01-14 08:00:00,59330.35,59708.6,59324.2,59577.0,0
2026-01-14 12:00:00,59578.2,59796.65,59457.0,59575.8,0
2026-01-16 08:00:00,59590.35,60160.85,59510.5,60084.35,0
2026-01-16 12:00:00,60085.1,60235.15,59899.1,60110.5,0
2026-01-19 08:00:00,60093.3,60107.5,59594.6,59769.65,0
2026-01-19 12:00:00,59770.1,59989.25,59766.15,59829.9,0
2026-01-20 08:00:00,59851.4,59993.5,59621.95,59702.1,0
2026-01-20 12:00:00,59706.2,59727.1,59283.95,59372.3,0
2026-01-21 08:00:00,59142.0,59447.35,58278.6,58773.75,0
2026-01-21 12:00:00,58773.65,59270.2,58671.0,58741.2,0
2026-01-22 08:00:00,59194.25,59573.1,58823.05,58989.65,0
2026-01-22 12:00:00,58990.7,59310.35,58899.0,59257.55,0
2026-01-23 08:00:00,59305.15,59400.15,58895.5,58931.65,0
2026-01-23 12:00:00,58927.85,59124.65,58346.25,58501.1,0
2026-01-27 08:00:00,58366.05,58859.2,58121.6,58741.05,0
2026-01-27 12:00:00,58743.4,59436.8,58589.25,59348.25,0
2026-01-28 08:00:00,59575.65,59699.9,59390.3,59554.85,0
2026-01-28 12:00:00,59554.85,59624.25,59240.1,59574.8,0
2026-01-29 08:00:00,59416.25,59765.7,59339.0,59718.1,0
2026-01-29 12:00:00,59718.75,60060.7,59705.85,59980.4,0
2026-01-30 08:00:00,59542.25,59906.9,59535.4,59815.2,0
2026-01-30 12:00:00,59814.65,59864.5,59501.8,59577.6,0
2026-02-01 08:00:00,59607.65,59865.7,59197.1,59261.15,0
2026-02-01 12:00:00,59265.15,59273.95,57783.2,58353.75,0
2026-02-02 08:00:00,58239.3,58519.95,57829.85,58250.1,0
2026-02-02 12:00:00,58250.1,58687.05,58004.5,58602.5,0
2026-02-03 08:00:00,61411.2,61764.85,59793.2,60165.15,0
2026-02-03 12:00:00,60164.85,60191.85,59972.4,59986.7,0
2026-02-04 08:00:00,60163.35,60327.1,59891.75,60235.9,0
2026-02-04 12:00:00,60235.35,60389.4,60102.0,60148.1,0
2026-02-05 08:00:00,60315.35,60328.3,59990.8,60013.4,0
2026-02-05 12:00:00,60015.75,60121.55,59881.05,60055.25,0
2026-02-06 08:00:00,59967.1,60119.95,59644.55,59887.55,0
2026-02-06 12:00:00,59890.55,60149.9,59717.9,60112.8,0
2026-02-09 08:00:00,60805.2,60876.2,60495.7,60629.7,0
2026-02-09 12:00:00,60630.85,60692.3,60516.2,60666.8,0
2026-02-10 08:00:00,60740.8,60787.95,60597.95,60732.4,0
2026-02-10 12:00:00,60732.3,60797.55,60531.55,60571.45,0
2026-02-11 08:00:00,60670.25,60751.0,60444.65,60651.0,0
2026-02-11 12:00:00,60650.95,60779.95,60613.8,60743.95,0
2026-02-12 08:00:00,60786.15,60864.4,60678.75,60711.05,0
2026-02-12 12:00:00,60711.8,60844.25,60597.65,60707.8,0
2026-02-13 08:00:00,60504.4,60621.9,60253.35,60301.95,0
2026-02-13 12:00:00,60301.3,60409.4,60073.55,60169.7,0
2026-02-16 08:00:00,59947.8,60498.5,59861.1,60477.3,0
2026-02-16 12:00:00,60478.35,61011.3,60457.9,60993.2,0
2026-02-17 08:00:00,60821.15,61177.2,60560.0,61137.5,0
2026-02-17 12:00:00,61138.1,61241.6,61034.75,61144.15,0
2026-02-18 08:00:00,61255.35,61309.3,61100.9,61285.2,0
2026-02-18 12:00:00,61284.6,61596.85,61246.3,61520.4,0
2026-02-19 08:00:00,61660.85,61678.8,61066.55,61069.8,0
2026-02-19 12:00:00,61066.5,61156.6,60592.9,60660.75,0
2026-02-20 08:00:00,60627.85,61224.8,60562.35,61176.55,0
2026-02-20 12:00:00,61178.05,61360.5,60961.25,61147.45,0
2026-02-23 08:00:00,61145.55,61517.8,61067.7,61152.6,0
2026-02-23 12:00:00,61152.7,61305.85,61029.15,61275.0,0
2026-02-24 08:00:00,61392.1,61435.65,61109.15,61222.7,0
2026-02-24 12:00:00,61225.35,61225.45,60801.85,61072.45,0
2026-02-25 08:00:00,61175.05,61317.55,61067.05,61085.3,0
2026-02-25 12:00:00,61086.35,61151.7,60816.75,61012.35,0
2026-02-26 08:00:00,61193.9,61249.7,60954.85,60954.85,0
2026-02-26 12:00:00,60966.2,61284.75,60813.3,61097.0,0
2026-02-27 08:00:00,61057.45,61086.45,60633.6,60719.15,0
2026-02-27 12:00:00,60716.95,60864.7,60438.95,60482.45,0
2026-03-02 08:00:00,59204.3,60177.5,59148.0,59723.65,0
2026-03-02 12:00:00,59719.6,59956.35,59345.3,59856.05,0
2026-03-04 08:00:00,58447.15,58996.95,58393.55,58482.0,0
2026-03-04 12:00:00,58484.65,59058.4,58468.25,58759.65,0
2026-03-05 08:00:00,59008.25,59141.0,58686.3,58781.0,0
2026-03-05 12:00:00,58781.4,59274.35,58506.4,58970.25,0
2026-03-06 08:00:00,58629.6,58807.15,58289.5,58331.75,0
2026-03-06 12:00:00,58336.05,58364.2,57696.4,57782.4,0
2026-03-09 08:00:00,56121.4,56274.15,55270.6,55687.85,0
2026-03-09 12:00:00,55686.65,56096.1,55596.15,55998.6,0
2026-03-10 08:00:00,56583.85,56990.9,56387.2,56780.05,0
2026-03-10 12:00:00,56778.1,57097.05,56658.65,57002.1,0
2026-03-11 08:00:00,56790.4,56938.4,56015.4,56110.45,0
2026-03-11 12:00:00,56113.2,56165.7,55631.95,55666.4,0
2026-03-12 08:00:00,55008.2,55372.65,54760.55,55232.95,0
2026-03-12 12:00:00,55236.25,55636.95,54997.0,55133.6,0
2026-03-13 08:00:00,54592.05,54713.75,53962.35,54079.45,0
2026-03-13 12:00:00,54084.35,54107.0,53675.7,53770.9,0
2026-03-16 08:00:00,53721.5,54170.5,53258.15,53692.3,0
2026-03-16 12:00:00,53693.0,54664.15,53518.55,54287.75,0
2026-03-17 08:00:00,54649.1,54695.4,54113.15,54392.55,0
2026-03-17 12:00:00,54393.8,54996.0,54260.65,54838.75,0
2026-03-18 08:00:00,54927.05,55332.55,54689.1,55226.1,0
2026-03-18 12:00:00,55226.7,55554.15,55123.15,55324.5,0
2026-03-19 08:00:00,53474.55,54110.55,53437.25,54040.7,0
2026-03-19 12:00:00,54042.2,54150.3,53240.6,53693.0,0
2026-03-20 08:00:00,53548.2,54382.45,53548.2,53833.85,0
2026-03-20 12:00:00,53834.3,53966.15,53297.55,53453.85,0
2026-03-23 08:00:00,52576.1,52665.3,51568.4,51708.0,0
2026-03-23 12:00:00,51706.65,52041.35,51323.6,51446.15,0
2026-03-24 08:00:00,52384.8,52495.7,51827.5,51993.4,0
2026-03-24 12:00:00,51994.8,52949.15,51972.15,52745.65,0
2026-03-25 08:00:00,53024.75,54096.95,53024.75,54090.05,0
2026-03-25 12:00:00,54095.3,54146.15,53623.85,53689.95,0
2026-03-27 08:00:00,53244.25,53292.5,52434.75,52492.15,0
2026-03-27 12:00:00,52487.35,52707.9,52211.2,52364.35,0
2026-03-30 08:00:00,51527.9,51624.5,50744.6,50931.4,0
2026-03-30 12:00:00,50926.3,51008.95,50105.25,50403.35,0
2026-04-01 08:00:00,51433.9,51806.25,51133.55,51644.55,0
2026-04-01 12:00:00,51644.45,52025.85,51369.8,51526.1,0
2026-04-02 08:00:00,50625.65,50646.15,49954.85,50133.3,0
2026-04-02 12:00:00,50137.3,51731.95,50030.85,51556.2,0
2026-04-06 08:00:00,51747.6,51879.65,51111.1,51659.2,0
2026-04-06 12:00:00,51659.45,52704.55,51617.75,52585.35,0
2026-04-07 08:00:00,52258.7,52349.1,51868.45,52174.95,0
2026-04-07 12:00:00,52175.1,52778.2,52057.0,52706.15,0
2026-04-08 08:00:00,54904.45,55552.25,54797.5,55419.3,0
2026-04-08 12:00:00,55422.05,55778.25,55266.3,55757.75,0
2026-04-09 08:00:00,55505.95,55583.1,55078.85,55230.85,0
2026-04-09 12:00:00,55230.5,55244.15,54626.85,54820.0,0
2026-04-10 08:00:00,55182.25,55930.45,55145.25,55767.35,0
2026-04-10 12:00:00,55763.25,55978.5,55649.95,55929.6,0
2026-04-13 08:00:00,54646.0,55213.35,54356.2,55209.8,0
2026-04-13 12:00:00,55208.85,55752.65,55201.05,55571.85,0
2026-04-15 08:00:00,56343.45,56786.25,56109.2,56326.5,0
2026-04-15 12:00:00,56326.05,56430.9,56172.0,56258.85,0
2026-04-16 08:00:00,56657.25,56834.25,56052.75,56146.2,0
2026-04-16 12:00:00,56140.85,56324.0,55898.25,56036.4,0
2026-04-17 08:00:00,56072.4,56375.5,55841.65,56311.3,0
2026-04-17 12:00:00,56313.15,56628.7,56308.95,56625.6,0
2026-04-20 08:00:00,56704.05,57085.1,56356.55,56868.1,0
2026-04-20 12:00:00,56868.15,57011.0,56491.9,56551.3,0
2026-04-21 08:00:00,56823.6,57321.7,56696.3,57280.55,0
2026-04-21 12:00:00,57282.5,57456.3,57203.1,57351.8,0
2026-04-22 08:00:00,57163.35,57438.2,57002.15,57320.85,0
2026-04-22 12:00:00,57316.7,57397.5,57078.45,57114.9,0
2026-04-23 08:00:00,56608.95,56868.7,56491.25,56570.8,0
2026-04-23 12:00:00,56568.65,56590.5,56217.15,56314.15,0
2026-04-24 08:00:00,56170.2,56460.5,55850.2,56115.5,0
2026-04-24 12:00:00,56115.25,56191.45,55750.4,56097.0,0
2026-04-27 08:00:00,56162.6,56474.95,55911.1,56065.4,0
2026-04-27 12:00:00,56064.45,56412.6,56036.15,56302.1,0
2026-04-28 08:00:00,55862.5,56138.05,55614.0,55666.5,0
2026-04-28 12:00:00,55667.95,55739.9,55263.75,55415.35,0
2026-04-29 08:00:00,55634.5,55998.35,55332.2,55992.5,0
2026-04-29 12:00:00,55995.7,56178.75,55290.5,55329.85,0
2026-04-30 08:00:00,54880.65,54896.0,54440.25,54685.85,0
2026-04-30 12:00:00,54690.0,55111.6,54620.6,55003.25,0
2026-05-04 08:00:00,54937.9,55602.3,54929.6,55073.45,0
2026-05-04 12:00:00,55077.25,55162.05,54723.5,54896.45,0
2026-05-05 08:00:00,54691.3,54718.55,54221.65,54316.65,0
2026-05-05 12:00:00,54315.05,54888.55,54314.15,54550.85,0
2026-05-06 08:00:00,55113.4,55344.95,54833.5,54857.1,0
2026-05-06 12:00:00,54854.6,56078.8,54587.2,56039.3,0
2026-05-07 08:00:00,56114.0,56148.45,55783.2,55984.35,0
2026-05-07 12:00:00,55987.9,56334.15,55921.45,56094.9,0
2026-05-08 08:00:00,55783.95,55797.7,55478.0,55503.85,0
2026-05-08 12:00:00,55503.75,55562.55,55062.5,55325.4,0
2026-05-11 08:00:00,54832.45,54922.55,54365.6,54805.55,0
2026-05-11 12:00:00,54803.95,55002.45,54360.7,54478.1,0
2026-05-12 08:00:00,54178.4,54365.45,53816.65,53857.0,0
2026-05-12 12:00:00,53858.35,53921.65,53457.5,53705.1,0
2026-05-13 08:00:00,53600.4,54029.8,53194.25,54027.75,0
2026-05-13 12:00:00,54025.0,54103.9,53385.45,53475.8,0
2026-05-14 08:00:00,53639.5,54219.9,53191.6,54163.85,0
2026-05-14 12:00:00,54163.9,54393.75,54025.4,54217.7,0
2026-05-15 08:00:00,54207.75,54325.45,53773.5,54098.8,0
2026-05-15 12:00:00,54099.15,54319.5,53628.3,53782.3,0
2026-05-18 08:00:00,53282.15,53308.4,52783.45,53111.45,0
2026-05-18 12:00:00,53113.65,53667.55,53069.5,53527.55,0
2026-05-19 08:00:00,53553.75,53770.65,53366.0,53647.95,0
2026-05-19 12:00:00,53648.1,53683.9,53337.05,53421.25,0
2026-05-20 08:00:00,53015.7,53410.65,52836.1,53233.9,0
2026-05-20 12:00:00,53236.35,53640.9,53069.25,53576.45,0
2026-05-21 08:00:00,53963.1,54109.15,53530.75,53605.6,0
2026-05-21 12:00:00,53604.15,53613.95,53156.15,53480.65,0
2026-05-22 08:00:00,53483.85,54100.1,53483.55,54042.75,0
2026-05-22 12:00:00,54046.95,54213.05,53880.55,54152.2,0
2026-05-25 08:00:00,54610.55,55122.15,54590.7,55017.55,0
2026-05-25 12:00:00,55020.1,55405.2,54908.65,55390.3,0
2026-05-26 08:00:00,55311.8,55536.8,55190.25,55209.0,0
2026-05-26 12:00:00,55208.05,55250.3,54979.75,55180.6,0
2026-05-27 08:00:00,54992.95,55221.7,54852.7,54995.2,0
2026-05-27 12:00:00,54992.4,55112.2,54738.6,54871.7,0
2026-05-29 08:00:00,54748.3,55184.45,54748.3,54861.65,0
2026-05-29 12:00:00,54861.6,54900.45,54116.15,54364.6,0
2026-06-01 08:00:00,54403.85,54582.75,53841.55,53938.35,0
2026-06-01 12:00:00,53935.25,53953.1,53470.0,53658.9,0
2026-06-02 08:00:00,53265.1,53511.35,53121.85,53242.5,0
2026-06-02 12:00:00,53245.6,53933.55,53135.8,53813.6,0
2026-06-03 08:00:00,53541.1,53638.85,53027.15,53093.45,0
2026-06-03 12:00:00,53092.25,54299.35,53067.0,54247.05,0
2026-06-04 08:00:00,53918.85,54396.4,53829.4,54308.25,0
2026-06-04 12:00:00,54307.55,54461.0,53995.2,54330.6,0
2026-06-05 08:00:00,54405.2,54865.5,54171.6,54625.3,0
2026-06-05 12:00:00,54627.95,54684.3,54140.6,54519.7,0
2026-06-08 08:00:00,53853.45,54455.2,53843.3,54240.5,0
2026-06-08 12:00:00,54239.35,54421.85,53949.9,54007.35,0
2026-06-09 08:00:00,54265.0,54890.35,54242.3,54852.05,0
2026-06-09 12:00:00,54847.3,55318.35,54841.75,55249.15,0
2026-06-10 08:00:00,55110.5,55513.95,55086.85,55481.55,0
2026-06-10 12:00:00,55480.9,55555.85,55026.15,55104.3,0
2026-06-11 08:00:00,54779.65,55459.65,54753.15,55456.0,0
2026-06-11 12:00:00,55457.9,55600.15,55097.6,55214.65,0
2026-06-12 08:00:00,55934.1,56016.8,55726.55,55824.7,0
2026-06-12 12:00:00,55829.35,56867.1,55815.85,56805.5,0
2026-06-15 08:00:00,57679.65,57804.5,57322.35,57350.55,0
2026-06-15 12:00:00,57342.3,57399.2,57119.2,57162.85,0
2026-06-16 08:00:00,57320.1,57399.7,57087.85,57128.2,0
2026-06-16 12:00:00,57131.85,57338.75,57076.25,57293.65,0
2026-06-17 08:00:00,57434.05,57646.15,57222.4,57545.75,0
2026-06-17 12:00:00,57544.55,57613.3,57460.95,57571.25,0
2026-06-18 08:00:00,57596.45,57906.6,57583.2,57844.2,0
2026-06-18 12:00:00,57844.55,58021.25,57792.2,57987.25,0
2026-06-19 08:00:00,57754.95,57804.9,57508.7,57566.0,0
2026-06-19 12:00:00,57562.65,57789.9,57464.55,57714.85,0
2026-06-22 08:00:00,57906.9,57963.7,57720.1,57883.4,0
2026-06-22 12:00:00,57880.55,58009.1,57800.65,57890.75,0
2026-06-23 08:00:00,57886.75,57970.9,57463.55,57519.05,0
2026-06-23 12:00:00,57518.8,57562.75,57078.45,57102.65,0
2026-06-24 08:00:00,57074.9,58128.65,57074.9,58022.8,0
2026-06-24 12:00:00,58026.3,58256.35,57961.55,58172.7,0
2026-06-25 08:00:00,58493.85,58700.8,58358.65,58673.35,0
2026-06-25 12:00:00,58673.8,58706.05,58109.85,58193.2,0
2026-06-29 08:00:00,58191.45,58318.05,57843.45,57860.2,0
2026-06-29 12:00:00,57862.3,57963.75,57637.25,57828.05,0
2026-06-30 08:00:00,58011.95,58011.95,57602.0,57704.45,0
2026-06-30 12:00:00,57700.3,57795.55,57456.65,57690.6,0
2026-07-01 08:00:00,57573.35,57994.65,57487.85,57972.6,0
2026-07-01 12:00:00,57974.2,58134.15,57850.65,57918.3,0
2026-07-02 08:00:00,58134.5,58396.1,57930.15,58041.6,0
2026-07-02 12:00:00,58043.7,58184.25,57884.6,57967.85,0
2026-07-03 08:00:00,58343.25,58343.25,57916.6,58023.05,0
2026-07-03 12:00:00,58019.55,58049.6,57799.05,57973.2,0
